Wahl, Wahlberechtigte, Fakultaet, Urne, Stimmzettel, Ungueltige Stimmzettel, Ungueltige Listenstimmen, Enthaltungen Listenstimmen, Ungueltige Kandidatenstimmen, Enthaltungen Kandidatenstimmen
Ausländer, 3466, AKK, 1, 3, 1, 0, 0, 0, 0
Ausländer, 3466, AKK, 2, 4, 0, 0, 0, 0, 0
Ausländer, 3466, Audimax, 1, 6, 0, 0, 0, 0, 1
Ausländer, 3466, Chemie/Bio, 1, 1, 0, 0, 0, 0, 0
Ausländer, 3466, Chemie/Bio, 2, 0, , , , , 
Ausländer, 3466, ETEC, 1, 2, 0, 0, 0, 0, 0
Ausländer, 3466, ETEC, 2, 4, 0, 0, 0, 0, 0
Ausländer, 3466, ETEC, 3, 5, 0, 0, 0, 0, 0
Ausländer, 3466, ETEC, 4, 5, 0, 0, 0, 0, 0
Ausländer, 3466, ETEC, 5, 5, 0, 0, 0, 0, 1
Ausländer, 3466, ETEC, 6, 9, 0, 0, 0, 0, 1
Ausländer, 3466, ETEC, 7, 10, 0, 0, 0, 0, 0
Ausländer, 3466, GeistSoz, 1, 3, 0, 0, 0, 0, 0
Ausländer, 3466, GeistSoz, 2, 4, 0, 0, 0, 0, 0
Ausländer, 3466, GeistSoz, 3, 0, 0, 0, 0, 0, 0
Ausländer, 3466, GeistSoz, 4, 0, 0, 0, 0, 0, 0
Ausländer, 3466, Geo, 1, 1, 0, 0, 0, 0, 0
Ausländer, 3466, Geo, 2, 0, 0, 0, 0, 0, 0
Ausländer, 3466, Gerthsen, 1, 2, 0, 0, 0, 0, 0
Ausländer, 3466, Gerthsen, 2, 0, , , , , 
Ausländer, 3466, HMU, 1, 9, 0, 0, 0, 0, 0
Ausländer, 3466, Info, 2, 2, 0, 0, 0, 0, 0
Ausländer, 3466, Info, 3, 4, 0, 0, 0, 0, 0
Ausländer, 3466, Info, 4, 1, 0, 0, 0, 0, 0
Ausländer, 3466, Info, 5, 1, 0, 0, 0, 0, 0
Ausländer, 3466, Mach/CIW, 1, 1, 0, 0, 0, 0, 0
Ausländer, 3466, Mach/CIW, 2, 4, 0, 0, 0, 0, 0
Ausländer, 3466, Mach/CIW, 3, 2, 0, 0, 0, 0, 0
Ausländer, 3466, Mach/CIW, 4, 0, 0, 0, 0, 0, 0
Ausländer, 3466, Mach/CIW, 5, 1, 0, 0, 0, 0, 0
Ausländer, 3466, Mach/CIW, 6, 0, 0, 0, 0, 0, 0
Ausländer, 3466, Mach/CIW, 7, 0, , , , , 
Ausländer, 3466, Mach/CIW, 8, 0, , , , , 
Ausländer, 3466, Mach/CIW, 9, 0, , , , , 
Ausländer, 3466, Mach/CIW, 10, 0, , , , , 
Ausländer, 3466, Mathe, 1, 9, 0, 0, 0, 0, 2
Ausländer, 3466, Mathe, 2, 2, 0, 0, 0, 0, 1
Ausländer, 3466, Mathe, 3, 4, 0, 0, 0, 0, 0
Ausländer, 3466, Mathe, 4, 3, 0, 0, 0, 0, 0
Ausländer, 3466, Mathe, 5, 6, 0, 0, 0, 0, 0
Ausländer, 3466, Mathe, 6, 0, , , , , 
Ausländer, 3466, Mensa, 1, 6, 0, 0, 0, 0, 0
Ausländer, 3466, Mensa, 2, 5, 0, 0, 0, 0, 2
Ausländer, 3466, Mensa, 3, 12, 0, 0, 0, 0, 0
Ausländer, 3466, Mensa, 4, 13, 0, 0, 0, 0, 0
Ausländer, 3466, Mobil, 1, 29, 0, 0, 0, 0, 1
Ausländer, 3466, Physik, 1, 4, 1, 0, 0, 0, 1
Ausländer, 3466, Physik, 3, 1, 0, 0, 0, 0, 0
Ausländer, 3466, Physik, 4, 2, 0, 0, 0, 0, 0
Ausländer, 3466, Physik, 5, 2, 0, 0, 0, 0, 0
Ausländer, 3466, RZ, 1, 0, , , , , 
Ausländer, 3466, Westhochschule, 1, 0, 0, 0, 0, 0, 0
Ausländer, 3466, Wiwi, 1, 2, 0, 0, 0, 0, 0
Ausländer, 3466, Wiwi, 2, 2, 0, 0, 0, 0, 0
Ausländer, 3466, Wiwi, 3, 2, 0, 0, 0, 0, 0
Ausländer, 3466, Wiwi, 4, 4, 0, 0, 0, 0, 1
Ausländer, 3466, Wiwi, 5, 0, 0, 0, 0, 0, 0
Ausländer, 3466, Wiwi, 6, 2, 0, 0, 0, 0, 0
Ausländer, 3466, Wiwi, 7, 0, , , , , 
Ausländer, 3466, Wiwi, 8, 0, , , , , 
Frauen, 5691, AKK, 1, 36, 0, 0, 0, 0, 1
Frauen, 5691, AKK, 2, 22, 0, 0, 0, 0, 0
Frauen, 5691, Audimax, 1, 10, 0, 0, 0, 1, 0
Frauen, 5691, Chemie/Bio, 1, 30, 0, 0, 0, 0, 0
Frauen, 5691, Chemie/Bio, 2, 0, , , , , 
Frauen, 5691, ETEC, 1, 3, 0, 0, 0, 0, 0
Frauen, 5691, ETEC, 2, 1, 0, 0, 0, 0, 0
Frauen, 5691, ETEC, 3, 11, 0, 0, 0, 0, 3
Frauen, 5691, ETEC, 4, 13, 0, 0, 0, 0, 1
Frauen, 5691, ETEC, 5, 10, 0, 0, 0, 0, 0
Frauen, 5691, ETEC, 6, 4, 0, 0, 0, 0, 0
Frauen, 5691, ETEC, 7, 13, 0, 0, 0, 0, 0
Frauen, 5691, GeistSoz, 1, 33, 0, 0, 0, 0, 0
Frauen, 5691, GeistSoz, 2, 59, 0, 0, 0, 0, 1
Frauen, 5691, GeistSoz, 3, 0, 0, 0, 0, 0, 0
Frauen, 5691, GeistSoz, 4, 0, 0, 0, 0, 0, 0
Frauen, 5691, Geo, 1, 16, 0, 0, 0, 0, 0
Frauen, 5691, Geo, 2, 13, 0, 0, 0, 0, 0
Frauen, 5691, Gerthsen, 1, 20, 0, 0, 0, 0, 1
Frauen, 5691, Gerthsen, 2, 0, , , , , 
Frauen, 5691, HMU, 1, 13, 0, 0, 0, 0, 1
Frauen, 5691, Info, 2, 4, 0, 0, 0, 0, 0
Frauen, 5691, Info, 3, 9, 0, 0, 0, 0, 1
Frauen, 5691, Info, 4, 1, 0, 0, 0, 0, 0
Frauen, 5691, Info, 5, 11, 0, 0, 0, 0, 1
Frauen, 5691, Mach/CIW, 1, 12, 0, 0, 0, 0, 0
Frauen, 5691, Mach/CIW, 2, 17, 0, 0, 0, 0, 0
Frauen, 5691, Mach/CIW, 3, 13, 0, 0, 0, 0, 0
Frauen, 5691, Mach/CIW, 4, 15, 0, 0, 0, 0, 1
Frauen, 5691, Mach/CIW, 5, 9, 0, 0, 0, 0, 0
Frauen, 5691, Mach/CIW, 6, 0, 0, 0, 0, 0, 0
Frauen, 5691, Mach/CIW, 7, 0, , , , , 
Frauen, 5691, Mach/CIW, 8, 0, , , , , 
Frauen, 5691, Mach/CIW, 9, 0, , , , , 
Frauen, 5691, Mach/CIW, 10, 0, , , , , 
Frauen, 5691, Mathe, 1, 36, 0, 0, 0, 0, 0
Frauen, 5691, Mathe, 2, 9, 0, 0, 0, 0, 1
Frauen, 5691, Mathe, 3, 10, 0, 0, 0, 0, 1
Frauen, 5691, Mathe, 4, 26, 0, 0, 0, 0, 3
Frauen, 5691, Mathe, 5, 19, 1, 0, 0, 0, 1
Frauen, 5691, Mathe, 6, 0, , , , , 
Frauen, 5691, Mensa, 1, 48, 0, 0, 0, 0, 0
Frauen, 5691, Mensa, 2, 36, 0, 0, 0, 0, 0
Frauen, 5691, Mensa, 3, 42, 0, 0, 0, 0, 1
Frauen, 5691, Mensa, 4, 25, 0, 0, 0, 0, 0
Frauen, 5691, Mobil, 1, 23, 0, 0, 0, 0, 0
Frauen, 5691, Physik, 1, 35, 1, 0, 0, 0, 1
Frauen, 5691, Physik, 3, 20, 0, 0, 0, 0, 1
Frauen, 5691, Physik, 4, 14, 0, 0, 0, 0, 3
Frauen, 5691, Physik, 5, 9, 0, 0, 0, 0, 0
Frauen, 5691, RZ, 1, 0, , , , , 
Frauen, 5691, Westhochschule, 1, 5, 0, 0, 0, 0, 1
Frauen, 5691, Wiwi, 1, 22, 0, 0, 0, 0, 0
Frauen, 5691, Wiwi, 2, 25, 0, 0, 0, 0, 1
Frauen, 5691, Wiwi, 3, 24, 0, 0, 0, 0, 0
Frauen, 5691, Wiwi, 4, 20, 0, 0, 0, 0, 0
Frauen, 5691, Wiwi, 5, 1, 0, 0, 0, 0, 0
Frauen, 5691, Wiwi, 6, 6, 0, 0, 0, 0, 1
Frauen, 5691, Wiwi, 7, 0, , , , , 
Frauen, 5691, Wiwi, 8, 0, , , , , 
FS Bau, 1167, AKK, 1, 10, 0, 0, 0, 0, 0
FS Bau, 1167, AKK, 2, 1, 0, 0, 0, 0, 0
FS Bau, 1167, Audimax, 1, 1, 0, 0, 0, 0, 0
FS Bau, 1167, Chemie/Bio, 1, 0, 0, 0, 0, 0, 0
FS Bau, 1167, Chemie/Bio, 2, 0, , , , , 
FS Bau, 1167, ETEC, 1, 0, 0, 0, 0, 0, 0
FS Bau, 1167, ETEC, 2, 0, 0, 0, 0, 0, 0
FS Bau, 1167, ETEC, 3, 0, 0, 0, 0, 0, 0
FS Bau, 1167, ETEC, 4, 5, 0, 0, 0, 0, 0
FS Bau, 1167, ETEC, 5, 7, 0, 0, 0, 0, 0
FS Bau, 1167, ETEC, 6, 0, 0, 0, 0, 0, 0
FS Bau, 1167, ETEC, 7, 0, 0, 0, 0, 0, 0
FS Bau, 1167, GeistSoz, 1, 0, 0, 0, 0, 0, 0
FS Bau, 1167, GeistSoz, 2, 0, 0, 0, 0, 0, 0
FS Bau, 1167, GeistSoz, 3, 0, 0, 0, 0, 0, 0
FS Bau, 1167, GeistSoz, 4, 0, 0, 0, 0, 0, 0
FS Bau, 1167, Geo, 1, 0, 0, 0, 0, 0, 0
FS Bau, 1167, Geo, 2, 0, 0, 0, 0, 0, 0
FS Bau, 1167, Gerthsen, 1, 0, 0, 0, 0, 0, 0
FS Bau, 1167, Gerthsen, 2, 0, , , , , 
FS Bau, 1167, HMU, 1, 1, 0, 0, 0, 0, 0
FS Bau, 1167, Info, 2, 0, 0, 0, 0, 0, 0
FS Bau, 1167, Info, 3, 0, 0, 0, 0, 0, 0
FS Bau, 1167, Info, 4, 0, 0, 0, 0, 0, 0
FS Bau, 1167, Info, 5, 0, 0, 0, 0, 0, 0
FS Bau, 1167, Mach/CIW, 1, 0, 0, 0, 0, 0, 0
FS Bau, 1167, Mach/CIW, 2, 0, 0, 0, 0, 0, 0
FS Bau, 1167, Mach/CIW, 3, 0, 0, 0, 0, 0, 0
FS Bau, 1167, Mach/CIW, 4, 8, 0, 0, 0, 0, 0
FS Bau, 1167, Mach/CIW, 5, 0, 0, 0, 0, 0, 0
FS Bau, 1167, Mach/CIW, 6, 0, 0, 0, 0, 0, 0
FS Bau, 1167, Mach/CIW, 7, 0, , , , , 
FS Bau, 1167, Mach/CIW, 8, 0, , , , , 
FS Bau, 1167, Mach/CIW, 9, 0, , , , , 
FS Bau, 1167, Mach/CIW, 10, 0, , , , , 
FS Bau, 1167, Mathe, 1, 6, 0, 0, 0, 0, 0
FS Bau, 1167, Mathe, 2, 0, 0, 0, 0, 0, 0
FS Bau, 1167, Mathe, 3, 0, 0, 0, 0, 0, 0
FS Bau, 1167, Mathe, 4, 4, 0, 0, 0, 0, 0
FS Bau, 1167, Mathe, 5, 2, 0, 0, 0, 0, 0
FS Bau, 1167, Mathe, 6, 0, , , , , 
FS Bau, 1167, Mensa, 1, 22, 1, 0, 0, 0, 0
FS Bau, 1167, Mensa, 2, 15, 1, 0, 0, 0, 0
FS Bau, 1167, Mensa, 3, 9, 2, 0, 0, 0, 0
FS Bau, 1167, Mensa, 4, 6, 2, 0, 0, 0, 0
FS Bau, 1167, Mobil, 1, 2, 0, 0, 0, 0, 0
FS Bau, 1167, Physik, 1, 0, 0, 0, 0, 0, 0
FS Bau, 1167, Physik, 3, 0, 0, 0, 0, 0, 0
FS Bau, 1167, Physik, 4, 0, 0, 0, 0, 0, 0
FS Bau, 1167, Physik, 5, 0, 0, 0, 0, 0, 0
FS Bau, 1167, RZ, 1, 0, , , , , 
FS Bau, 1167, Westhochschule, 1, 0, 0, 0, 0, 0, 0
FS Bau, 1167, Wiwi, 1, 0, 0, 0, 0, 0, 0
FS Bau, 1167, Wiwi, 2, 0, 0, 0, 0, 0, 0
FS Bau, 1167, Wiwi, 3, 0, 0, 0, 0, 0, 0
FS Bau, 1167, Wiwi, 4, 0, 0, 0, 0, 0, 0
FS Bau, 1167, Wiwi, 5, 0, 0, 0, 0, 0, 0
FS Bau, 1167, Wiwi, 6, 0, 0, 0, 0, 0, 0
FS Bau, 1167, Wiwi, 7, 0, , , , , 
FS Bau, 1167, Wiwi, 8, 0, , , , , 
FS Chemie/Bio, 1500, AKK, 1, 4, 0, 0, 0, 0, 0
FS Chemie/Bio, 1500, AKK, 2, 13, 0, 0, 0, 0, 0
FS Chemie/Bio, 1500, Audimax, 1, 2, 0, 0, 0, 0, 0
FS Chemie/Bio, 1500, Chemie/Bio, 1, 73, 3, 0, 0, 0, 0
FS Chemie/Bio, 1500, Chemie/Bio, 2, 0, , , , , 
FS Chemie/Bio, 1500, ETEC, 1, 0, 0, 0, 0, 0, 0
FS Chemie/Bio, 1500, ETEC, 2, 0, 0, 0, 0, 0, 0
FS Chemie/Bio, 1500, ETEC, 3, 0, 0, 0, 0, 0, 0
FS Chemie/Bio, 1500, ETEC, 4, 0, 0, 0, 0, 0, 0
FS Chemie/Bio, 1500, ETEC, 5, 1, 0, 0, 0, 0, 0
FS Chemie/Bio, 1500, ETEC, 6, 3, 0, 0, 0, 0, 0
FS Chemie/Bio, 1500, ETEC, 7, 0, 0, 0, 0, 0, 0
FS Chemie/Bio, 1500, GeistSoz, 1, 0, 0, 0, 0, 0, 0
FS Chemie/Bio, 1500, GeistSoz, 2, 0, 0, 0, 0, 0, 0
FS Chemie/Bio, 1500, GeistSoz, 3, 0, 0, 0, 0, 0, 0
FS Chemie/Bio, 1500, GeistSoz, 4, 0, 0, 0, 0, 0, 0
FS Chemie/Bio, 1500, Geo, 1, 0, 0, 0, 0, 0, 0
FS Chemie/Bio, 1500, Geo, 2, 0, 0, 0, 0, 0, 0
FS Chemie/Bio, 1500, Gerthsen, 1, 0, 0, 0, 0, 0, 0
FS Chemie/Bio, 1500, Gerthsen, 2, 0, , , , , 
FS Chemie/Bio, 1500, HMU, 1, 0, 0, 0, 0, 0, 0
FS Chemie/Bio, 1500, Info, 2, 0, 0, 0, 0, 0, 0
FS Chemie/Bio, 1500, Info, 3, 0, 0, 0, 0, 0, 0
FS Chemie/Bio, 1500, Info, 4, 0, 0, 0, 0, 0, 0
FS Chemie/Bio, 1500, Info, 5, 0, 0, 0, 0, 0, 0
FS Chemie/Bio, 1500, Mach/CIW, 1, 0, 0, 0, 0, 0, 0
FS Chemie/Bio, 1500, Mach/CIW, 2, 0, 0, 0, 0, 0, 0
FS Chemie/Bio, 1500, Mach/CIW, 3, 0, 0, 0, 0, 0, 0
FS Chemie/Bio, 1500, Mach/CIW, 4, 0, 0, 0, 0, 0, 0
FS Chemie/Bio, 1500, Mach/CIW, 5, 0, 0, 0, 0, 0, 0
FS Chemie/Bio, 1500, Mach/CIW, 6, 0, 0, 0, 0, 0, 0
FS Chemie/Bio, 1500, Mach/CIW, 7, 0, , , , , 
FS Chemie/Bio, 1500, Mach/CIW, 8, 0, , , , , 
FS Chemie/Bio, 1500, Mach/CIW, 9, 0, , , , , 
FS Chemie/Bio, 1500, Mach/CIW, 10, 0, , , , , 
FS Chemie/Bio, 1500, Mathe, 1, 2, 0, 0, 0, 0, 0
FS Chemie/Bio, 1500, Mathe, 2, 0, 0, 0, 0, 0, 0
FS Chemie/Bio, 1500, Mathe, 3, 0, 0, 0, 0, 0, 0
FS Chemie/Bio, 1500, Mathe, 4, 0, 0, 0, 0, 0, 0
FS Chemie/Bio, 1500, Mathe, 5, 0, 0, 0, 0, 0, 0
FS Chemie/Bio, 1500, Mathe, 6, 0, , , , , 
FS Chemie/Bio, 1500, Mensa, 1, 4, 0, 0, 0, 0, 0
FS Chemie/Bio, 1500, Mensa, 2, 2, 0, 0, 0, 0, 0
FS Chemie/Bio, 1500, Mensa, 3, 5, 0, 0, 0, 0, 0
FS Chemie/Bio, 1500, Mensa, 4, 4, 0, 0, 0, 0, 0
FS Chemie/Bio, 1500, Mobil, 1, 5, 0, 0, 0, 0, 0
FS Chemie/Bio, 1500, Physik, 1, 1, 0, 0, 0, 0, 0
FS Chemie/Bio, 1500, Physik, 3, 4, 0, 0, 0, 0, 0
FS Chemie/Bio, 1500, Physik, 4, 0, 0, 0, 0, 0, 0
FS Chemie/Bio, 1500, Physik, 5, 0, 0, 0, 0, 0, 0
FS Chemie/Bio, 1500, RZ, 1, 0, , , , , 
FS Chemie/Bio, 1500, Westhochschule, 1, 0, 0, 0, 0, 0, 0
FS Chemie/Bio, 1500, Wiwi, 1, 0, 0, 0, 0, 0, 0
FS Chemie/Bio, 1500, Wiwi, 2, 0, 0, 0, 0, 0, 0
FS Chemie/Bio, 1500, Wiwi, 3, 0, 0, 0, 0, 0, 0
FS Chemie/Bio, 1500, Wiwi, 4, 6, 0, 0, 0, 0, 0
FS Chemie/Bio, 1500, Wiwi, 5, 0, 0, 0, 0, 0, 0
FS Chemie/Bio, 1500, Wiwi, 6, 0, 0, 0, 0, 0, 0
FS Chemie/Bio, 1500, Wiwi, 7, 0, , , , , 
FS Chemie/Bio, 1500, Wiwi, 8, 0, , , , , 
FS CIW, 1221, AKK, 1, 20, 0, 0, 0, 1, 0
FS CIW, 1221, AKK, 2, 15, 1, 0, 0, 0, 0
FS CIW, 1221, Audimax, 1, 5, 0, 0, 0, 0, 0
FS CIW, 1221, Chemie/Bio, 1, 0, 0, 0, 0, 0, 0
FS CIW, 1221, Chemie/Bio, 2, 0, , , , , 
FS CIW, 1221, ETEC, 1, 0, 0, 0, 0, 0, 0
FS CIW, 1221, ETEC, 2, 0, 0, 0, 0, 0, 0
FS CIW, 1221, ETEC, 3, 4, 0, 0, 0, 0, 0
FS CIW, 1221, ETEC, 4, 0, 0, 0, 0, 0, 0
FS CIW, 1221, ETEC, 5, 2, 0, 0, 0, 0, 0
FS CIW, 1221, ETEC, 6, 0, 0, 0, 0, 0, 0
FS CIW, 1221, ETEC, 7, 1, 0, 0, 0, 0, 0
FS CIW, 1221, GeistSoz, 1, 0, 0, 0, 0, 0, 0
FS CIW, 1221, GeistSoz, 2, 0, 0, 0, 0, 0, 0
FS CIW, 1221, GeistSoz, 3, 0, 0, 0, 0, 0, 0
FS CIW, 1221, GeistSoz, 4, 0, 0, 0, 0, 0, 0
FS CIW, 1221, Geo, 1, 0, 0, 0, 0, 0, 0
FS CIW, 1221, Geo, 2, 0, 0, 0, 0, 0, 0
FS CIW, 1221, Gerthsen, 1, 5, 0, 0, 0, 0, 0
FS CIW, 1221, Gerthsen, 2, 0, , , , , 
FS CIW, 1221, HMU, 1, 1, 0, 0, 0, 0, 0
FS CIW, 1221, Info, 2, 1, 0, 0, 0, 0, 0
FS CIW, 1221, Info, 3, 0, 0, 0, 0, 0, 0
FS CIW, 1221, Info, 4, 0, 0, 0, 0, 0, 0
FS CIW, 1221, Info, 5, 0, 0, 0, 0, 0, 0
FS CIW, 1221, Mach/CIW, 1, 11, 0, 0, 0, 0, 0
FS CIW, 1221, Mach/CIW, 2, 35, 5, 0, 0, 0, 0
FS CIW, 1221, Mach/CIW, 3, 21, 0, 0, 0, 0, 0
FS CIW, 1221, Mach/CIW, 4, 15, 3, 0, 0, 0, 0
FS CIW, 1221, Mach/CIW, 5, 15, 1, 0, 0, 0, 0
FS CIW, 1221, Mach/CIW, 6, 0, 0, 0, 0, 0, 0
FS CIW, 1221, Mach/CIW, 7, 0, , , , , 
FS CIW, 1221, Mach/CIW, 8, 0, , , , , 
FS CIW, 1221, Mach/CIW, 9, 0, , , , , 
FS CIW, 1221, Mach/CIW, 10, 0, , , , , 
FS CIW, 1221, Mathe, 1, 4, 0, 0, 0, 0, 0
FS CIW, 1221, Mathe, 2, 0, 0, 0, 0, 0, 0
FS CIW, 1221, Mathe, 3, 0, 0, 0, 0, 0, 0
FS CIW, 1221, Mathe, 4, 1, 0, 0, 0, 0, 0
FS CIW, 1221, Mathe, 5, 0, 0, 0, 0, 0, 0
FS CIW, 1221, Mathe, 6, 0, , , , , 
FS CIW, 1221, Mensa, 1, 40, 3, 0, 0, 0, 0
FS CIW, 1221, Mensa, 2, 41, 1, 0, 0, 0, 0
FS CIW, 1221, Mensa, 3, 21, 3, 0, 0, 0, 0
FS CIW, 1221, Mensa, 4, 12, 1, 0, 0, 0, 0
FS CIW, 1221, Mobil, 1, 12, 0, 0, 0, 0, 0
FS CIW, 1221, Physik, 1, 0, 0, 0, 0, 0, 0
FS CIW, 1221, Physik, 3, 0, 0, 0, 0, 0, 0
FS CIW, 1221, Physik, 4, 0, 0, 0, 0, 0, 0
FS CIW, 1221, Physik, 5, 0, 0, 0, 0, 0, 0
FS CIW, 1221, RZ, 1, 0, , , , , 
FS CIW, 1221, Westhochschule, 1, 0, 0, 0, 0, 0, 0
FS CIW, 1221, Wiwi, 1, 0, 0, 0, 0, 0, 0
FS CIW, 1221, Wiwi, 2, 4, 1, 0, 0, 0, 0
FS CIW, 1221, Wiwi, 3, 0, 0, 0, 0, 0, 0
FS CIW, 1221, Wiwi, 4, 0, 0, 0, 0, 0, 0
FS CIW, 1221, Wiwi, 5, 0, 0, 0, 0, 0, 0
FS CIW, 1221, Wiwi, 6, 0, 0, 0, 0, 0, 0
FS CIW, 1221, Wiwi, 7, 0, , , , , 
FS CIW, 1221, Wiwi, 8, 0, , , , , 
FS ETEC, 1826, AKK, 1, 20, 0, 0, 0, 2, 0
FS ETEC, 1826, AKK, 2, 25, 4, 0, 0, 0, 0
FS ETEC, 1826, Audimax, 1, 1, 0, 0, 0, 0, 0
FS ETEC, 1826, Chemie/Bio, 1, 0, 0, 0, 0, 0, 0
FS ETEC, 1826, Chemie/Bio, 2, 0, , , , , 
FS ETEC, 1826, ETEC, 1, 3, 0, 0, 0, 0, 0
FS ETEC, 1826, ETEC, 2, 19, 1, 0, 0, 0, 0
FS ETEC, 1826, ETEC, 3, 104, 4, 0, 0, 0, 1
FS ETEC, 1826, ETEC, 4, 74, 0, 0, 0, 2, 0
FS ETEC, 1826, ETEC, 5, 69, 1, 0, 0, 0, 0
FS ETEC, 1826, ETEC, 6, 25, 1, 0, 0, 0, 0
FS ETEC, 1826, ETEC, 7, 128, 0, 0, 0, 0, 0
FS ETEC, 1826, GeistSoz, 1, 0, 0, 0, 0, 0, 0
FS ETEC, 1826, GeistSoz, 2, 0, 0, 0, 0, 0, 0
FS ETEC, 1826, GeistSoz, 3, 0, 0, 0, 0, 0, 0
FS ETEC, 1826, GeistSoz, 4, 0, 0, 0, 0, 0, 0
FS ETEC, 1826, Geo, 1, 0, 0, 0, 0, 0, 0
FS ETEC, 1826, Geo, 2, 0, 0, 0, 0, 0, 0
FS ETEC, 1826, Gerthsen, 1, 0, 0, 0, 0, 0, 0
FS ETEC, 1826, Gerthsen, 2, 0, , , , , 
FS ETEC, 1826, HMU, 1, 33, 3, 0, 0, 0, 0
FS ETEC, 1826, Info, 2, 0, 0, 0, 0, 0, 0
FS ETEC, 1826, Info, 3, 0, 0, 0, 0, 0, 0
FS ETEC, 1826, Info, 4, 0, 0, 0, 0, 0, 0
FS ETEC, 1826, Info, 5, 1, 0, 0, 0, 0, 0
FS ETEC, 1826, Mach/CIW, 1, 0, 0, 0, 0, 0, 0
FS ETEC, 1826, Mach/CIW, 2, 0, 0, 0, 0, 0, 0
FS ETEC, 1826, Mach/CIW, 3, 0, 0, 0, 0, 0, 0
FS ETEC, 1826, Mach/CIW, 4, 0, 0, 0, 0, 0, 0
FS ETEC, 1826, Mach/CIW, 5, 1, 0, 0, 0, 0, 0
FS ETEC, 1826, Mach/CIW, 6, 0, 0, 0, 0, 0, 0
FS ETEC, 1826, Mach/CIW, 7, 0, , , , , 
FS ETEC, 1826, Mach/CIW, 8, 0, , , , , 
FS ETEC, 1826, Mach/CIW, 9, 0, , , , , 
FS ETEC, 1826, Mach/CIW, 10, 0, , , , , 
FS ETEC, 1826, Mathe, 1, 0, 0, 0, 0, 0, 0
FS ETEC, 1826, Mathe, 2, 0, 0, 0, 0, 0, 0
FS ETEC, 1826, Mathe, 3, 0, 0, 0, 0, 0, 0
FS ETEC, 1826, Mathe, 4, 9, 0, 0, 0, 0, 0
FS ETEC, 1826, Mathe, 5, 11, 1, 0, 0, 0, 0
FS ETEC, 1826, Mathe, 6, 0, , , , , 
FS ETEC, 1826, Mensa, 1, 19, 1, 0, 0, 0, 0
FS ETEC, 1826, Mensa, 2, 16, 1, 0, 0, 0, 0
FS ETEC, 1826, Mensa, 3, 11, 1, 0, 0, 0, 0
FS ETEC, 1826, Mensa, 4, 11, 0, 0, 0, 0, 0
FS ETEC, 1826, Mobil, 1, 14, 0, 0, 0, 0, 0
FS ETEC, 1826, Physik, 1, 0, 0, 0, 0, 0, 0
FS ETEC, 1826, Physik, 3, 1, 0, 0, 0, 0, 0
FS ETEC, 1826, Physik, 4, 0, 0, 0, 0, 0, 0
FS ETEC, 1826, Physik, 5, 0, 0, 0, 0, 0, 0
FS ETEC, 1826, RZ, 1, 0, , , , , 
FS ETEC, 1826, Westhochschule, 1, 1, 0, 0, 0, 0, 0
FS ETEC, 1826, Wiwi, 1, 0, 0, 0, 0, 0, 0
FS ETEC, 1826, Wiwi, 2, 0, 0, 0, 0, 0, 0
FS ETEC, 1826, Wiwi, 3, 0, 0, 0, 0, 0, 0
FS ETEC, 1826, Wiwi, 4, 0, 0, 0, 0, 0, 0
FS ETEC, 1826, Wiwi, 5, 0, 0, 0, 0, 0, 0
FS ETEC, 1826, Wiwi, 6, 0, 0, 0, 0, 0, 0
FS ETEC, 1826, Wiwi, 7, 0, , , , , 
FS ETEC, 1826, Wiwi, 8, 0, , , , , 
FS GeistSoz, 1459, AKK, 1, 10, 0, 0, 0, 0, 0
FS GeistSoz, 1459, AKK, 2, 6, 0, 0, 0, 0, 0
FS GeistSoz, 1459, Audimax, 1, 0, 0, 0, 0, 0, 0
FS GeistSoz, 1459, Chemie/Bio, 1, 0, 0, 0, 0, 0, 0
FS GeistSoz, 1459, Chemie/Bio, 2, 0, , , , , 
FS GeistSoz, 1459, ETEC, 1, 0, 0, 0, 0, 0, 0
FS GeistSoz, 1459, ETEC, 2, 0, 0, 0, 0, 0, 0
FS GeistSoz, 1459, ETEC, 3, 0, 0, 0, 0, 0, 0
FS GeistSoz, 1459, ETEC, 4, 0, 0, 0, 0, 0, 0
FS GeistSoz, 1459, ETEC, 5, 0, 0, 0, 0, 0, 0
FS GeistSoz, 1459, ETEC, 6, 0, 0, 0, 0, 0, 0
FS GeistSoz, 1459, ETEC, 7, 0, 0, 0, 0, 0, 0
FS GeistSoz, 1459, GeistSoz, 1, 70, 3, 0, 0, 0, 0
FS GeistSoz, 1459, GeistSoz, 2, 85, 4, 0, 0, 0, 0
FS GeistSoz, 1459, GeistSoz, 3, 0, 0, 0, 0, 0, 0
FS GeistSoz, 1459, GeistSoz, 4, 0, 0, 0, 0, 0, 0
FS GeistSoz, 1459, Geo, 1, 0, 0, 0, 0, 0, 0
FS GeistSoz, 1459, Geo, 2, 0, 0, 0, 0, 0, 0
FS GeistSoz, 1459, Gerthsen, 1, 0, 0, 0, 0, 0, 0
FS GeistSoz, 1459, Gerthsen, 2, 0, , , , , 
FS GeistSoz, 1459, HMU, 1, 0, 0, 0, 0, 0, 0
FS GeistSoz, 1459, Info, 2, 2, 0, 0, 0, 0, 0
FS GeistSoz, 1459, Info, 3, 0, 0, 0, 0, 0, 0
FS GeistSoz, 1459, Info, 4, 0, 0, 0, 0, 0, 0
FS GeistSoz, 1459, Info, 5, 0, 0, 0, 0, 0, 0
FS GeistSoz, 1459, Mach/CIW, 1, 0, 0, 0, 0, 0, 0
FS GeistSoz, 1459, Mach/CIW, 2, 0, 0, 0, 0, 0, 0
FS GeistSoz, 1459, Mach/CIW, 3, 4, 0, 0, 0, 0, 0
FS GeistSoz, 1459, Mach/CIW, 4, 0, 0, 0, 0, 0, 0
FS GeistSoz, 1459, Mach/CIW, 5, 0, 0, 0, 0, 0, 0
FS GeistSoz, 1459, Mach/CIW, 6, 0, , , , , 
FS GeistSoz, 1459, Mach/CIW, 7, 0, , , , , 
FS GeistSoz, 1459, Mach/CIW, 8, 0, , , , , 
FS GeistSoz, 1459, Mach/CIW, 9, 0, , , , , 
FS GeistSoz, 1459, Mach/CIW, 10, 0, , , , , 
FS GeistSoz, 1459, Mathe, 1, 1, 0, 0, 0, 0, 0
FS GeistSoz, 1459, Mathe, 2, 0, 0, 0, 0, 0, 0
FS GeistSoz, 1459, Mathe, 3, 3, 0, 0, 0, 0, 0
FS GeistSoz, 1459, Mathe, 4, 0, 0, 0, 0, 0, 0
FS GeistSoz, 1459, Mathe, 5, 0, 0, 0, 0, 0, 0
FS GeistSoz, 1459, Mathe, 6, 0, , , , , 
FS GeistSoz, 1459, Mensa, 1, 5, 0, 0, 0, 0, 0
FS GeistSoz, 1459, Mensa, 2, 2, 0, 0, 0, 0, 0
FS GeistSoz, 1459, Mensa, 3, 2, 0, 0, 0, 0, 0
FS GeistSoz, 1459, Mensa, 4, 2, 0, 0, 0, 0, 0
FS GeistSoz, 1459, Mobil, 1, 3, 0, 0, 0, 0, 0
FS GeistSoz, 1459, Physik, 1, 0, 0, 0, 0, 0, 0
FS GeistSoz, 1459, Physik, 3, 0, 0, 0, 0, 0, 0
FS GeistSoz, 1459, Physik, 4, 0, 0, 0, 0, 0, 0
FS GeistSoz, 1459, Physik, 5, 0, 0, 0, 0, 0, 0
FS GeistSoz, 1459, RZ, 1, 0, , , , , 
FS GeistSoz, 1459, Westhochschule, 1, 0, 0, 0, 0, 0, 0
FS GeistSoz, 1459, Wiwi, 1, 0, 0, 0, 0, 0, 0
FS GeistSoz, 1459, Wiwi, 2, 0, 0, 0, 0, 0, 0
FS GeistSoz, 1459, Wiwi, 3, 0, 0, 0, 0, 0, 0
FS GeistSoz, 1459, Wiwi, 4, 3, 0, 0, 0, 0, 0
FS GeistSoz, 1459, Wiwi, 5, 0, 0, 0, 0, 0, 0
FS GeistSoz, 1459, Wiwi, 6, 0, 0, 0, 0, 0, 0
FS GeistSoz, 1459, Wiwi, 7, 0, , , , , 
FS GeistSoz, 1459, Wiwi, 8, 0, , , , , 
FS Geo, 536, AKK, 1, 8, 0, 0, 0, 1, 0
FS Geo, 536, AKK, 2, 4, 1, 0, 0, 0, 0
FS Geo, 536, Audimax, 1, 1, 0, 0, 0, 0, 0
FS Geo, 536, Chemie/Bio, 1, 0, 0, 0, 0, 0, 0
FS Geo, 536, Chemie/Bio, 2, 0, , , , , 
FS Geo, 536, ETEC, 1, 0, 0, 0, 0, 0, 0
FS Geo, 536, ETEC, 2, 0, 0, 0, 0, 0, 0
FS Geo, 536, ETEC, 3, 0, 0, 0, 0, 0, 0
FS Geo, 536, ETEC, 4, 0, 0, 0, 0, 0, 0
FS Geo, 536, ETEC, 5, 0, 0, 0, 0, 0, 0
FS Geo, 536, ETEC, 6, 0, 0, 0, 0, 0, 0
FS Geo, 536, ETEC, 7, 0, 0, 0, 0, 0, 0
FS Geo, 536, GeistSoz, 1, 0, 0, 0, 0, 0, 0
FS Geo, 536, GeistSoz, 2, 0, 0, 0, 0, 0, 0
FS Geo, 536, GeistSoz, 3, 0, 0, 0, 0, 0, 0
FS Geo, 536, GeistSoz, 4, 0, 0, 0, 0, 0, 0
FS Geo, 536, Geo, 1, 41, 4, 0, 0, 4, 0
FS Geo, 536, Geo, 2, 32, 1, 0, 0, 0, 0
FS Geo, 536, Gerthsen, 1, 0, 0, 0, 0, 0, 0
FS Geo, 536, Gerthsen, 2, 0, , , , , 
FS Geo, 536, HMU, 1, 0, 0, 0, 0, 0, 0
FS Geo, 536, Info, 2, 0, 0, 0, 0, 0, 0
FS Geo, 536, Info, 3, 0, 0, 0, 0, 0, 0
FS Geo, 536, Info, 4, 0, 0, 0, 0, 0, 0
FS Geo, 536, Info, 5, 0, 0, 0, 0, 0, 0
FS Geo, 536, Mach/CIW, 1, 0, 0, 0, 0, 0, 0
FS Geo, 536, Mach/CIW, 2, 0, 0, 0, 0, 0, 0
FS Geo, 536, Mach/CIW, 3, 0, 0, 0, 0, 0, 0
FS Geo, 536, Mach/CIW, 4, 0, 0, 0, 0, 0, 0
FS Geo, 536, Mach/CIW, 5, 0, 0, 0, 0, 0, 0
FS Geo, 536, Mach/CIW, 6, 0, , , , , 
FS Geo, 536, Mach/CIW, 7, 0, , , , , 
FS Geo, 536, Mach/CIW, 8, 0, , , , , 
FS Geo, 536, Mach/CIW, 9, 0, , , , , 
FS Geo, 536, Mach/CIW, 10, 0, , , , , 
FS Geo, 536, Mathe, 1, 4, 0, 0, 0, 0, 0
FS Geo, 536, Mathe, 2, 1, 0, 0, 0, 0, 0
FS Geo, 536, Mathe, 3, 0, 0, 0, 0, 0, 0
FS Geo, 536, Mathe, 4, 0, 0, 0, 0, 0, 0
FS Geo, 536, Mathe, 5, 1, 0, 0, 0, 0, 0
FS Geo, 536, Mathe, 6, 0, , , , , 
FS Geo, 536, Mensa, 1, 3, 0, 0, 0, 0, 0
FS Geo, 536, Mensa, 2, 3, 0, 0, 0, 0, 0
FS Geo, 536, Mensa, 3, 5, 1, 0, 0, 0, 0
FS Geo, 536, Mensa, 4, 3, 0, 0, 0, 0, 0
FS Geo, 536, Mobil, 1, 1, 0, 0, 0, 0, 0
FS Geo, 536, Physik, 1, 0, 0, 0, 0, 0, 0
FS Geo, 536, Physik, 3, 0, 0, 0, 0, 0, 0
FS Geo, 536, Physik, 4, 0, 0, 0, 0, 0, 0
FS Geo, 536, Physik, 5, 0, 0, 0, 0, 0, 0
FS Geo, 536, RZ, 1, 0, , , , , 
FS Geo, 536, Westhochschule, 1, 0, 0, 0, 0, 0, 0
FS Geo, 536, Wiwi, 1, 0, 0, 0, 0, 0, 0
FS Geo, 536, Wiwi, 2, 0, 0, 0, 0, 0, 0
FS Geo, 536, Wiwi, 3, 0, 0, 0, 0, 0, 0
FS Geo, 536, Wiwi, 4, 0, 0, 0, 0, 0, 0
FS Geo, 536, Wiwi, 5, 0, 0, 0, 0, 0, 0
FS Geo, 536, Wiwi, 6, 0, 0, 0, 0, 0, 0
FS Geo, 536, Wiwi, 7, 0, , , , , 
FS Geo, 536, Wiwi, 8, 0, , , , , 
FS Info, 2455, AKK, 1, 39, 0, 0, 0, 3, 0
FS Info, 2455, AKK, 2, 15, 1, 0, 0, 0, 0
FS Info, 2455, Audimax, 1, 4, 0, 0, 0, 1, 0
FS Info, 2455, Chemie/Bio, 1, 2, 0, 0, 0, 0, 0
FS Info, 2455, Chemie/Bio, 2, 0, , , , , 
FS Info, 2455, ETEC, 1, 1, 0, 0, 0, 0, 0
FS Info, 2455, ETEC, 2, 0, 0, 0, 0, 0, 0
FS Info, 2455, ETEC, 3, 0, 0, 0, 0, 0, 0
FS Info, 2455, ETEC, 4, 0, 0, 0, 0, 0, 0
FS Info, 2455, ETEC, 5, 0, 0, 0, 0, 0, 0
FS Info, 2455, ETEC, 6, 0, 0, 0, 0, 0, 0
FS Info, 2455, ETEC, 7, 3, 0, 0, 0, 0, 0
FS Info, 2455, GeistSoz, 1, 0, 0, 0, 0, 0, 0
FS Info, 2455, GeistSoz, 2, 0, 0, 0, 0, 0, 0
FS Info, 2455, GeistSoz, 3, 0, 0, 0, 0, 0, 0
FS Info, 2455, GeistSoz, 4, 0, 0, 0, 0, 0, 0
FS Info, 2455, Geo, 1, 0, 0, 0, 0, 0, 0
FS Info, 2455, Geo, 2, 0, 0, 0, 0, 0, 0
FS Info, 2455, Gerthsen, 1, 4, 0, 0, 0, 0, 0
FS Info, 2455, Gerthsen, 2, 0, , , , , 
FS Info, 2455, HMU, 1, 0, 0, 0, 0, 0, 0
FS Info, 2455, Info, 2, 51, 3, 0, 0, 0, 0
FS Info, 2455, Info, 3, 73, 0, 0, 0, 0, 0
FS Info, 2455, Info, 4, 33, 1, 0, 0, 0, 0
FS Info, 2455, Info, 5, 45, 5, 0, 0, 0, 0
FS Info, 2455, Mach/CIW, 1, 1, 0, 0, 0, 0, 0
FS Info, 2455, Mach/CIW, 2, 0, 0, 0, 0, 0, 0
FS Info, 2455, Mach/CIW, 3, 1, 0, 0, 0, 1, 0
FS Info, 2455, Mach/CIW, 4, 0, 0, 0, 0, 0, 0
FS Info, 2455, Mach/CIW, 5, 0, 0, 0, 0, 0, 0
FS Info, 2455, Mach/CIW, 6, 0, , , , , 
FS Info, 2455, Mach/CIW, 7, 0, , , , , 
FS Info, 2455, Mach/CIW, 8, 0, , , , , 
FS Info, 2455, Mach/CIW, 9, 0, , , , , 
FS Info, 2455, Mach/CIW, 10, 0, , , , , 
FS Info, 2455, Mathe, 1, 20, 1, 0, 0, 0, 0
FS Info, 2455, Mathe, 2, 13, 0, 0, 0, 0, 0
FS Info, 2455, Mathe, 3, 4, 0, 0, 0, 0, 0
FS Info, 2455, Mathe, 4, 11, 0, 0, 0, 0, 0
FS Info, 2455, Mathe, 5, 40, 1, 0, 0, 0, 0
FS Info, 2455, Mathe, 6, 0, , , , , 
FS Info, 2455, Mensa, 1, 19, 2, 0, 0, 0, 0
FS Info, 2455, Mensa, 2, 16, 1, 0, 0, 0, 0
FS Info, 2455, Mensa, 3, 16, 2, 0, 0, 0, 2
FS Info, 2455, Mensa, 4, 18, 0, 0, 0, 0, 0
FS Info, 2455, Mobil, 1, 19, 0, 0, 0, 0, 0
FS Info, 2455, Physik, 1, 0, 0, 0, 0, 0, 0
FS Info, 2455, Physik, 3, 1, 1, 0, 0, 0, 0
FS Info, 2455, Physik, 4, 3, 0, 0, 0, 0, 0
FS Info, 2455, Physik, 5, 0, 0, 0, 0, 0, 0
FS Info, 2455, RZ, 1, 0, , , , , 
FS Info, 2455, Westhochschule, 1, 0, 0, 0, 0, 0, 0
FS Info, 2455, Wiwi, 1, 1, 0, 0, 0, 0, 0
FS Info, 2455, Wiwi, 2, 1, 1, 0, 0, 0, 0
FS Info, 2455, Wiwi, 3, 0, 0, 0, 0, 0, 0
FS Info, 2455, Wiwi, 4, 4, 0, 0, 0, 0, 0
FS Info, 2455, Wiwi, 5, 0, 0, 0, 0, 0, 0
FS Info, 2455, Wiwi, 6, 0, 0, 0, 0, 0, 0
FS Info, 2455, Wiwi, 7, 0, , , , , 
FS Info, 2455, Wiwi, 8, 0, , , , , 
FS Mach, 3660, AKK, 1, 19, 0, 0, 0, 1, 0
FS Mach, 3660, AKK, 2, 32, 5, 0, 0, 0, 0
FS Mach, 3660, Audimax, 1, 36, 0, 0, 0, 2, 0
FS Mach, 3660, Chemie/Bio, 1, 0, 0, 0, 0, 0, 0
FS Mach, 3660, Chemie/Bio, 2, 0, , , , , 
FS Mach, 3660, ETEC, 1, 0, 0, 0, 0, 0, 0
FS Mach, 3660, ETEC, 2, 8, 0, 0, 0, 0, 0
FS Mach, 3660, ETEC, 3, 0, 0, 0, 0, 0, 0
FS Mach, 3660, ETEC, 4, 2, 0, 0, 0, 0, 0
FS Mach, 3660, ETEC, 5, 10, 0, 0, 0, 0, 0
FS Mach, 3660, ETEC, 6, 0, 0, 0, 0, 0, 0
FS Mach, 3660, ETEC, 7, 0, 0, 0, 0, 0, 0
FS Mach, 3660, GeistSoz, 1, 0, 0, 0, 0, 0, 0
FS Mach, 3660, GeistSoz, 2, 0, 0, 0, 0, 0, 0
FS Mach, 3660, GeistSoz, 3, 0, 0, 0, 0, 0, 0
FS Mach, 3660, GeistSoz, 4, 0, 0, 0, 0, 0, 0
FS Mach, 3660, Geo, 1, 0, 0, 0, 0, 0, 0
FS Mach, 3660, Geo, 2, 0, 0, 0, 0, 0, 0
FS Mach, 3660, Gerthsen, 1, 17, 0, 0, 0, 0, 0
FS Mach, 3660, Gerthsen, 2, 0, , , , , 
FS Mach, 3660, HMU, 1, 47, 3, 0, 0, 0, 0
FS Mach, 3660, Info, 2, 0, 0, 0, 0, 0, 0
FS Mach, 3660, Info, 3, 1, 0, 0, 0, 0, 0
FS Mach, 3660, Info, 4, 0, 0, 0, 0, 0, 0
FS Mach, 3660, Info, 5, 3, 0, 0, 0, 0, 0
FS Mach, 3660, Mach/CIW, 1, 102, 0, 0, 0, 6, 0
FS Mach, 3660, Mach/CIW, 2, 45, 1, 0, 0, 0, 0
FS Mach, 3660, Mach/CIW, 3, 59, 0, 0, 0, 2, 0
FS Mach, 3660, Mach/CIW, 4, 58, 1, 0, 0, 4, 0
FS Mach, 3660, Mach/CIW, 5, 21, 3, 0, 0, 0, 0
FS Mach, 3660, Mach/CIW, 6, 0, , , , , 
FS Mach, 3660, Mach/CIW, 7, 0, , , , , 
FS Mach, 3660, Mach/CIW, 8, 0, , , , , 
FS Mach, 3660, Mach/CIW, 9, 0, , , , , 
FS Mach, 3660, Mach/CIW, 10, 0, , , , , 
FS Mach, 3660, Mathe, 1, 12, 0, 0, 0, 0, 0
FS Mach, 3660, Mathe, 2, 0, 0, 0, 0, 0, 0
FS Mach, 3660, Mathe, 3, 11, 0, 0, 0, 0, 0
FS Mach, 3660, Mathe, 4, 0, 0, 0, 0, 0, 0
FS Mach, 3660, Mathe, 5, 1, 0, 0, 0, 0, 0
FS Mach, 3660, Mathe, 6, 0, , , , , 
FS Mach, 3660, Mensa, 1, 58, 5, 0, 0, 0, 0
FS Mach, 3660, Mensa, 2, 39, 2, 0, 0, 0, 0
FS Mach, 3660, Mensa, 3, 59, 6, 0, 0, 0, 0
FS Mach, 3660, Mensa, 4, 37, 2, 0, 0, 0, 0
FS Mach, 3660, Mobil, 1, 12, 1, 0, 0, 0, 0
FS Mach, 3660, Physik, 1, 0, 0, 0, 0, 0, 0
FS Mach, 3660, Physik, 3, 0, 0, 0, 0, 0, 0
FS Mach, 3660, Physik, 4, 1, 0, 0, 0, 0, 0
FS Mach, 3660, Physik, 5, 1, 0, 0, 0, 0, 0
FS Mach, 3660, RZ, 1, 0, , , , , 
FS Mach, 3660, Westhochschule, 1, 0, 0, 0, 0, 0, 0
FS Mach, 3660, Wiwi, 1, 0, 0, 0, 0, 0, 0
FS Mach, 3660, Wiwi, 2, 0, 0, 0, 0, 0, 0
FS Mach, 3660, Wiwi, 3, 0, 0, 0, 0, 0, 0
FS Mach, 3660, Wiwi, 4, 1, 0, 0, 0, 0, 0
FS Mach, 3660, Wiwi, 5, 0, 0, 0, 0, 0, 0
FS Mach, 3660, Wiwi, 6, 0, 0, 0, 0, 0, 0
FS Mach, 3660, Wiwi, 7, 0, , , , , 
FS Mach, 3660, Wiwi, 8, 0, , , , , 
FS Mathe, 1222, AKK, 1, 8, 2, 0, 0, 2, 0
FS Mathe, 1222, AKK, 2, 3, 1, 0, 0, 0, 0
FS Mathe, 1222, Audimax, 1, 3, 0, 0, 0, 0, 0
FS Mathe, 1222, Chemie/Bio, 1, 0, 0, 0, 0, 0, 0
FS Mathe, 1222, Chemie/Bio, 2, 0, , , , , 
FS Mathe, 1222, ETEC, 1, 3, 0, 0, 0, 0, 0
FS Mathe, 1222, ETEC, 2, 1, 0, 0, 0, 0, 0
FS Mathe, 1222, ETEC, 3, 0, 0, 0, 0, 0, 0
FS Mathe, 1222, ETEC, 4, 0, 0, 0, 0, 0, 0
FS Mathe, 1222, ETEC, 5, 3, 0, 0, 0, 0, 0
FS Mathe, 1222, ETEC, 6, 0, 0, 0, 0, 0, 0
FS Mathe, 1222, ETEC, 7, 1, 0, 0, 0, 0, 0
FS Mathe, 1222, GeistSoz, 1, 0, 0, 0, 0, 0, 0
FS Mathe, 1222, GeistSoz, 2, 0, 0, 0, 0, 0, 0
FS Mathe, 1222, GeistSoz, 3, 0, 0, 0, 0, 0, 0
FS Mathe, 1222, GeistSoz, 4, 0, 0, 0, 0, 0, 0
FS Mathe, 1222, Geo, 1, 0, 0, 0, 0, 0, 0
FS Mathe, 1222, Geo, 2, 0, 0, 0, 0, 0, 0
FS Mathe, 1222, Gerthsen, 1, 4, 0, 0, 0, 0, 0
FS Mathe, 1222, Gerthsen, 2, 0, , , , , 
FS Mathe, 1222, HMU, 1, 3, 0, 0, 0, 0, 0
FS Mathe, 1222, Info, 2, 2, 0, 0, 0, 0, 0
FS Mathe, 1222, Info, 3, 9, 0, 0, 0, 0, 0
FS Mathe, 1222, Info, 4, 0, 0, 0, 0, 0, 0
FS Mathe, 1222, Info, 5, 2, 0, 0, 0, 0, 0
FS Mathe, 1222, Mach/CIW, 1, 1, 0, 0, 0, 0, 0
FS Mathe, 1222, Mach/CIW, 2, 2, 0, 0, 0, 0, 0
FS Mathe, 1222, Mach/CIW, 3, 0, 0, 0, 0, 0, 0
FS Mathe, 1222, Mach/CIW, 4, 0, 0, 0, 0, 0, 0
FS Mathe, 1222, Mach/CIW, 5, 0, 0, 0, 0, 0, 0
FS Mathe, 1222, Mach/CIW, 6, 0, , , , , 
FS Mathe, 1222, Mach/CIW, 7, 0, , , , , 
FS Mathe, 1222, Mach/CIW, 8, 0, , , , , 
FS Mathe, 1222, Mach/CIW, 9, 0, , , , , 
FS Mathe, 1222, Mach/CIW, 10, 0, , , , , 
FS Mathe, 1222, Mathe, 1, 72, 7, 0, 0, 0, 0
FS Mathe, 1222, Mathe, 2, 17, 0, 0, 0, 0, 0
FS Mathe, 1222, Mathe, 3, 46, 4, 0, 0, 4, 0
FS Mathe, 1222, Mathe, 4, 39, 2, 0, 0, 0, 0
FS Mathe, 1222, Mathe, 5, 34, 1, 0, 0, 0, 0
FS Mathe, 1222, Mathe, 6, 0, , , , , 
FS Mathe, 1222, Mensa, 1, 6, 2, 0, 0, 0, 0
FS Mathe, 1222, Mensa, 2, 5, 1, 0, 0, 0, 0
FS Mathe, 1222, Mensa, 3, 6, 0, 0, 0, 0, 1
FS Mathe, 1222, Mensa, 4, 10, 0, 0, 0, 0, 0
FS Mathe, 1222, Mobil, 1, 2, 1, 0, 0, 0, 0
FS Mathe, 1222, Physik, 1, 1, 0, 0, 0, 0, 0
FS Mathe, 1222, Physik, 3, 0, 0, 0, 0, 0, 0
FS Mathe, 1222, Physik, 4, 2, 0, 0, 0, 0, 0
FS Mathe, 1222, Physik, 5, 0, 0, 0, 0, 0, 0
FS Mathe, 1222, RZ, 1, 0, , , , , 
FS Mathe, 1222, Westhochschule, 1, 0, 0, 0, 0, 0, 0
FS Mathe, 1222, Wiwi, 1, 1, 0, 0, 0, 0, 0
FS Mathe, 1222, Wiwi, 2, 0, 0, 0, 0, 0, 0
FS Mathe, 1222, Wiwi, 3, 0, 0, 0, 0, 0, 0
FS Mathe, 1222, Wiwi, 4, 3, 2, 0, 0, 0, 0
FS Mathe, 1222, Wiwi, 5, 0, 0, 0, 0, 0, 0
FS Mathe, 1222, Wiwi, 6, 0, 0, 0, 0, 0, 0
FS Mathe, 1222, Wiwi, 7, 0, , , , , 
FS Mathe, 1222, Wiwi, 8, 0, , , , , 
FS Physik, 1495, AKK, 1, 6, 0, 0, 0, 0, 0
FS Physik, 1495, AKK, 2, 10, 0, 0, 0, 0, 0
FS Physik, 1495, Audimax, 1, 1, 0, 0, 0, 0, 0
FS Physik, 1495, Chemie/Bio, 1, 0, 0, 0, 0, 0, 0
FS Physik, 1495, Chemie/Bio, 2, 0, , , , , 
FS Physik, 1495, ETEC, 1, 3, 0, 0, 0, 0, 0
FS Physik, 1495, ETEC, 2, 0, 0, 0, 0, 0, 0
FS Physik, 1495, ETEC, 3, 0, 0, 0, 0, 0, 0
FS Physik, 1495, ETEC, 4, 1, 0, 0, 0, 0, 0
FS Physik, 1495, ETEC, 5, 2, 0, 0, 0, 0, 0
FS Physik, 1495, ETEC, 6, 0, 0, 0, 0, 0, 0
FS Physik, 1495, ETEC, 7, 1, 0, 0, 0, 0, 0
FS Physik, 1495, GeistSoz, 1, 0, 0, 0, 0, 0, 0
FS Physik, 1495, GeistSoz, 2, 0, 0, 0, 0, 0, 0
FS Physik, 1495, GeistSoz, 3, 0, 0, 0, 0, 0, 0
FS Physik, 1495, GeistSoz, 4, 0, 0, 0, 0, 0, 0
FS Physik, 1495, Geo, 1, 0, 0, 0, 0, 0, 0
FS Physik, 1495, Geo, 2, 4, 0, 0, 0, 0, 0
FS Physik, 1495, Gerthsen, 1, 46, 1, 0, 0, 0, 0
FS Physik, 1495, Gerthsen, 2, 0, , , , , 
FS Physik, 1495, HMU, 1, 3, 0, 0, 0, 0, 0
FS Physik, 1495, Info, 2, 0, 0, 0, 0, 0, 0
FS Physik, 1495, Info, 3, 0, 0, 0, 0, 0, 0
FS Physik, 1495, Info, 4, 0, 0, 0, 0, 0, 0
FS Physik, 1495, Info, 5, 0, 0, 0, 0, 0, 0
FS Physik, 1495, Mach/CIW, 1, 0, 0, 0, 0, 0, 0
FS Physik, 1495, Mach/CIW, 2, 0, 0, 0, 0, 0, 0
FS Physik, 1495, Mach/CIW, 3, 0, 0, 0, 0, 0, 0
FS Physik, 1495, Mach/CIW, 4, 0, 0, 0, 0, 0, 0
FS Physik, 1495, Mach/CIW, 5, 0, 0, 0, 0, 0, 0
FS Physik, 1495, Mach/CIW, 6, 0, , , , , 
FS Physik, 1495, Mach/CIW, 7, 0, , , , , 
FS Physik, 1495, Mach/CIW, 8, 0, , , , , 
FS Physik, 1495, Mach/CIW, 9, 0, , , , , 
FS Physik, 1495, Mach/CIW, 10, 0, , , , , 
FS Physik, 1495, Mathe, 1, 3, 0, 0, 0, 0, 0
FS Physik, 1495, Mathe, 2, 0, 0, 0, 0, 0, 0
FS Physik, 1495, Mathe, 3, 1, 0, 0, 0, 0, 0
FS Physik, 1495, Mathe, 4, 0, 0, 0, 0, 0, 0
FS Physik, 1495, Mathe, 5, 3, 0, 0, 0, 0, 0
FS Physik, 1495, Mathe, 6, 0, , , , , 
FS Physik, 1495, Mensa, 1, 7, 0, 0, 0, 0, 0
FS Physik, 1495, Mensa, 2, 12, 1, 0, 0, 0, 0
FS Physik, 1495, Mensa, 3, 11, 0, 0, 0, 0, 0
FS Physik, 1495, Mensa, 4, 11, 0, 0, 0, 0, 0
FS Physik, 1495, Mobil, 1, 11, 0, 0, 0, 0, 0
FS Physik, 1495, Physik, 1, 138, 0, 0, 0, 7, 0
FS Physik, 1495, Physik, 3, 142, 9, 0, 0, 0, 0
FS Physik, 1495, Physik, 4, 78, 4, 0, 0, 0, 0
FS Physik, 1495, Physik, 5, 42, 0, 0, 0, 1, 0
FS Physik, 1495, RZ, 1, 0, , , , , 
FS Physik, 1495, Westhochschule, 1, 15, 0, 0, 0, 0, 0
FS Physik, 1495, Wiwi, 1, 0, 0, 0, 0, 0, 0
FS Physik, 1495, Wiwi, 2, 0, 0, 0, 0, 0, 0
FS Physik, 1495, Wiwi, 3, 0, 0, 0, 0, 0, 0
FS Physik, 1495, Wiwi, 4, 1, 0, 0, 0, 0, 0
FS Physik, 1495, Wiwi, 5, 0, 0, 0, 0, 0, 0
FS Physik, 1495, Wiwi, 6, 0, 0, 0, 0, 0, 0
FS Physik, 1495, Wiwi, 7, 0, , , , , 
FS Physik, 1495, Wiwi, 8, 0, , , , , 
FS WiWi, 3613, AKK, 1, 24, 0, 0, 0, 1, 0
FS WiWi, 3613, AKK, 2, 20, 2, 0, 0, 0, 0
FS WiWi, 3613, Audimax, 1, 88, 0, 0, 0, 2, 0
FS WiWi, 3613, Chemie/Bio, 1, 1, 0, 0, 0, 0, 0
FS WiWi, 3613, Chemie/Bio, 2, 0, , , , , 
FS WiWi, 3613, ETEC, 1, 6, 0, 0, 0, 0, 0
FS WiWi, 3613, ETEC, 2, 3, 0, 0, 0, 0, 0
FS WiWi, 3613, ETEC, 3, 2, 0, 0, 0, 0, 2
FS WiWi, 3613, ETEC, 4, 0, 0, 0, 0, 0, 0
FS WiWi, 3613, ETEC, 5, 2, 0, 0, 0, 0, 0
FS WiWi, 3613, ETEC, 6, 0, 0, 0, 0, 0, 0
FS WiWi, 3613, ETEC, 7, 1, 0, 0, 0, 0, 0
FS WiWi, 3613, GeistSoz, 1, 0, 0, 0, 0, 0, 0
FS WiWi, 3613, GeistSoz, 2, 0, 0, 0, 0, 0, 0
FS WiWi, 3613, GeistSoz, 3, 0, 0, 0, 0, 0, 0
FS WiWi, 3613, GeistSoz, 4, 0, 0, 0, 0, 0, 0
FS WiWi, 3613, Geo, 1, 0, 0, 0, 0, 0, 0
FS WiWi, 3613, Geo, 2, 0, 0, 0, 0, 0, 0
FS WiWi, 3613, Gerthsen, 1, 0, 0, 0, 0, 0, 0
FS WiWi, 3613, Gerthsen, 2, 0, , , , , 
FS WiWi, 3613, HMU, 1, 8, 0, 0, 0, 0, 0
FS WiWi, 3613, Info, 2, 0, 0, 0, 0, 0, 0
FS WiWi, 3613, Info, 3, 3, 0, 0, 0, 0, 0
FS WiWi, 3613, Info, 4, 3, 0, 0, 0, 0, 0
FS WiWi, 3613, Info, 5, 11, 0, 0, 0, 0, 0
FS WiWi, 3613, Mach/CIW, 1, 0, 0, 0, 0, 0, 0
FS WiWi, 3613, Mach/CIW, 2, 0, 0, 0, 0, 0, 0
FS WiWi, 3613, Mach/CIW, 3, 0, 0, 0, 0, 0, 0
FS WiWi, 3613, Mach/CIW, 4, 0, 0, 0, 0, 0, 0
FS WiWi, 3613, Mach/CIW, 5, 1, 0, 0, 0, 0, 0
FS WiWi, 3613, Mach/CIW, 6, 0, , , , , 
FS WiWi, 3613, Mach/CIW, 7, 0, , , , , 
FS WiWi, 3613, Mach/CIW, 8, 0, , , , , 
FS WiWi, 3613, Mach/CIW, 9, 0, , , , , 
FS WiWi, 3613, Mach/CIW, 10, 0, , , , , 
FS WiWi, 3613, Mathe, 1, 0, 0, 0, 0, 0, 0
FS WiWi, 3613, Mathe, 2, 0, 0, 0, 0, 0, 0
FS WiWi, 3613, Mathe, 3, 3, 0, 0, 0, 0, 0
FS WiWi, 3613, Mathe, 4, 0, 0, 0, 0, 0, 0
FS WiWi, 3613, Mathe, 5, 0, 0, 0, 0, 0, 0
FS WiWi, 3613, Mathe, 6, 0, , , , , 
FS WiWi, 3613, Mensa, 1, 44, 2, 0, 0, 0, 0
FS WiWi, 3613, Mensa, 2, 36, 1, 0, 0, 0, 0
FS WiWi, 3613, Mensa, 3, 17, 0, 0, 0, 0, 1
FS WiWi, 3613, Mensa, 4, 13, 0, 0, 0, 0, 0
FS WiWi, 3613, Mobil, 1, 2, 1, 0, 0, 0, 0
FS WiWi, 3613, Physik, 1, 0, 0, 0, 0, 0, 0
FS WiWi, 3613, Physik, 3, 0, 0, 0, 0, 0, 0
FS WiWi, 3613, Physik, 4, 0, 0, 0, 0, 0, 0
FS WiWi, 3613, Physik, 5, 0, 0, 0, 0, 0, 0
FS WiWi, 3613, RZ, 1, 0, , , , , 
FS WiWi, 3613, Westhochschule, 1, 0, 0, 0, 0, 0, 0
FS WiWi, 3613, Wiwi, 1, 174, 5, 0, 0, 0, 0
FS WiWi, 3613, Wiwi, 2, 141, 1, 0, 0, 0, 0
FS WiWi, 3613, Wiwi, 3, 156, 5, 0, 0, 5, 0
FS WiWi, 3613, Wiwi, 4, 134, 4, 0, 0, 0, 0
FS WiWi, 3613, Wiwi, 5, 34, 0, 0, 0, 1, 0
FS WiWi, 3613, Wiwi, 6, 61, 3, 0, 0, 3, 0
FS WiWi, 3613, Wiwi, 7, 0, , , , , 
FS WiWi, 3613, Wiwi, 8, 0, , , , , 
StuPa, 20771, AKK, 1, 174, 1, 1, 5, 1, 0
StuPa, 20771, AKK, 2, 149, 0, 2, 3, 3, 0
StuPa, 20771, Audimax, 1, 138, 1, 0, 11, 1, 0
StuPa, 20771, Chemie/Bio, 1, 77, 0, 0, 5, 0, 0
StuPa, 20771, Chemie/Bio, 2, 0, , , , , 
StuPa, 20771, ETEC, 1, 16, 0, 0, 2, 0, 0
StuPa, 20771, ETEC, 2, 31, 1, 0, 1, 0, 0
StuPa, 20771, ETEC, 3, 108, 0, 0, 8, 3, 0
StuPa, 20771, ETEC, 4, 78, 0, 0, 8, 0, 0
StuPa, 20771, ETEC, 5, 90, 0, 0, 7, 0, 0
StuPa, 20771, ETEC, 6, 28, 0, 0, 7, 2, 0
StuPa, 20771, ETEC, 7, 124, 0, 0, 5, 3, 0
StuPa, 20771, GeistSoz, 1, 31, 0, 0, 2, 0, 0
StuPa, 20771, GeistSoz, 2, 64, 0, 0, 5, 1, 0
StuPa, 20771, GeistSoz, 3, 0, 0, 0, 0, 0, 0
StuPa, 20771, GeistSoz, 4, 0, 0, 0, 0, 0, 0
StuPa, 20771, Geo, 1, 33, 0, 0, 4, 0, 0
StuPa, 20771, Geo, 2, 25, 0, 0, 2, 0, 0
StuPa, 20771, Gerthsen, 1, 77, 0, 0, 6, 2, 0
StuPa, 20771, Gerthsen, 2, 0, , , , , 
StuPa, 20771, HMU, 1, 95, 0, 1, 5, 1, 0
StuPa, 20771, Info, 2, 58, 0, 0, 8, 5, 0
StuPa, 20771, Info, 3, 82, 0, 0, 4, 1, 0
StuPa, 20771, Info, 4, 36, 0, 0, 1, 1, 0
StuPa, 20771, Info, 5, 63, 0, 2, 5, 5, 0
StuPa, 20771, Mach/CIW, 1, 115, 2, 0, 9, 1, 0
StuPa, 20771, Mach/CIW, 2, 82, 0, 0, 5, 1, 0
StuPa, 20771, Mach/CIW, 3, 84, 0, 0, 7, 1, 0
StuPa, 20771, Mach/CIW, 4, 81, 2, 0, 1, 0, 0
StuPa, 20771, Mach/CIW, 5, 39, 0, 0, 3, 0, 
StuPa, 20771, Mach/CIW, 6, 0, , , , , 
StuPa, 20771, Mach/CIW, 7, 0, , , , , 
StuPa, 20771, Mach/CIW, 8, 0, , , , , 
StuPa, 20771, Mach/CIW, 9, 0, , , , , 
StuPa, 20771, Mach/CIW, 10, 0, , , , , 
StuPa, 20771, Mathe, 1, 123, 0, 0, 20, 0, 0
StuPa, 20771, Mathe, 2, 35, 0, 0, 2, 1, 0
StuPa, 20771, Mathe, 3, 66, 0, 0, 9, 0, 0
StuPa, 20771, Mathe, 4, 71, 1, 1, 9, 0, 0
StuPa, 20771, Mathe, 5, 95, 0, 0, 15, 2, 0
StuPa, 20771, Mathe, 6, 0, , , , , 
StuPa, 20771, Mensa, 1, 235, 0, 0, 4, 2, 0
StuPa, 20771, Mensa, 2, 193, 1, 0, 4, 0, 0
StuPa, 20771, Mensa, 3, 172, 0, 1, 6, 4, 0
StuPa, 20771, Mensa, 4, 133, 0, 0, 5, 1, 0
StuPa, 20771, Mobil, 1, 119, 0, 1, 17, 15, 0
StuPa, 20771, Physik, 1, 140, 1, 0, 10, 2, 0
StuPa, 20771, Physik, 3, 148, 0, 0, 11, 0, 0
StuPa, 20771, Physik, 4, 88, 2, 0, 8, 5, 0
StuPa, 20771, Physik, 5, 43, 0, 0, 2, 0, 0
StuPa, 20771, RZ, 1, 0, , , , , 
StuPa, 20771, Westhochschule, 1, 16, 0, 0, 2, 0, 0
StuPa, 20771, Wiwi, 1, 176, 0, 1, 18, 5, 0
StuPa, 20771, Wiwi, 2, 114, 0, 0, 6, 5, 0
StuPa, 20771, Wiwi, 3, 139, 1, 0, 12, 0, 0
StuPa, 20771, Wiwi, 4, 136, 0, 1, 6, 2, 0
StuPa, 20771, Wiwi, 5, 33, 0, 0, 4, 0, 0
StuPa, 20771, Wiwi, 6, 53, 0, 0, 7, 2, 0
StuPa, 20771, Wiwi, 7, 0, , , , , 
StuPa, 20771, Wiwi, 8, 0, , , , , 

